;ip;200_proc;300_proc;page_proc;400_proc;night_proc;number_requests;request_image;type_user
142;54.131.75.205;30.953000000000003;21.065;16.964000000000002;8.03;1.053;149;20.516;human
316;187.231.153.4;48.324;38.419000000000004;23.293000000000003;3.588;15.171;26;24.339000000000002;human
321;154.145.184.6;47.418;21.994;19.241;7.365;0.319;128;13.913;human
70;44.52.240.50;26.554000000000002;49.513000000000005;25.753;3.12;19.842;179;8.323;human
123;144.85.254.116;32.21;45.793;12.565999999999999;1.535;10.783;174;15.532;human
516;75.32.199.220;31.724;29.4;39.978;31.355999999999998;31.965999999999998;180;7.297999999999999;crawler
473;144.10.109.161;27.723000000000003;42.446999999999996;29.191999999999997;5.978;0.203;121;1.217;human
108;122.66.79.229;35.203;47.907;22.358;3.179;11.432;181;6.755;human
199;73.100.141.117;47.13;45.26;17.619;4.162;29.113000000000003;21;15.489;human
394;209.17.83.195;40.043;24.45;20.529;3.562;34.504;168;12.008;human
318;30.48.90.211;52.699;41.058;33.459;2.425;2.55;129;8.135;human
20;24.35.207.31;35.79;37.911;26.572;6.652;10.014;74;18.285;human
222;184.117.252.9;22.346;34.67;34.385999999999996;2.4019999999999997;32.799;200;3.755;human
466;93.100.217.140;45.376999999999995;38.413000000000004;10.347000000000001;4.078;36.988;122;21.968000000000004;human
163;194.227.130.11;50.15;20.564;35.99;6.122000000000001;24.728;101;4.908;human
370;166.157.120.51;56.692;45.137;26.537;4.388;30.406999999999996;156;29.255;human
472;195.198.151.214;56.919;31.662;19.057000000000002;8.357000000000001;1.714;77;6.382999999999999;human
24;201.155.8.227;59.498999999999995;27.43;36.978;6.129;1.9469999999999998;143;23.708000000000002;human
307;202.155.129.75;27.961;33.201;36.629;6.483;3.821;104;14.017000000000001;human
504;90.151.11.30;37.652;21.074;43.056999999999995;33.51;39.411;138;3.426;crawler
223;206.248.192.182;21.195999999999998;27.519000000000002;11.440999999999999;1.744;20.136;176;23.933000000000003;human
15;5.183.136.81;35.643;42.745;34.114000000000004;9.471;1.083;138;8.607999999999999;human
167;242.147.39.94;28.287;46.303999999999995;27.533;1.028;16.691;157;13.334000000000001;human
452;209.157.215.244;33.14;46.14;30.230999999999998;2.6830000000000003;24.055999999999997;92;15.0;human
426;240.69.44.97;22.813000000000002;33.451;28.406;4.5889999999999995;24.776999999999997;153;15.722000000000001;human
298;247.6.238.240;58.413000000000004;35.722;18.717;6.206;25.968000000000004;75;6.236000000000001;human
168;99.97.5.27;57.315;33.635;12.720999999999998;3.346;25.804000000000002;131;11.505999999999998;human
375;142.217.62.204;24.975;24.285;39.941;6.733;25.506;115;3.9989999999999997;human
220;162.110.98.17;51.336000000000006;20.298;19.172;5.294;23.665;80;8.06;human
507;156.20.194.147;22.633000000000003;30.046999999999997;41.288999999999994;29.475;29.424;164;2.214;crawler
327;81.55.162.14;27.741999999999997;26.524;28.336;9.885;17.31;145;25.86;human
529;64.29.188.196;20.576999999999998;23.255;55.926;34.472;38.22;42;5.71;crawler
102;231.125.130.44;32.088;44.363;21.464000000000002;5.36;9.312999999999999;65;20.461;human
61;109.120.54.11;34.628;41.3;37.198;3.4010000000000002;25.186;39;14.722999999999999;human
46;230.23.33.41;49.172;33.765;15.412;9.509;22.483;190;26.03;human
506;249.37.223.5;22.875;16.594;36.579;10.606;38.783;197;4.303;crawler
437;154.210.251.25;54.695;21.441;22.103;9.842;35.372;33;3.9760000000000004;human
478;216.75.166.203;41.785;47.928999999999995;15.511;4.093999999999999;31.733;45;11.45;human
128;31.127.205.176;53.806999999999995;33.718;29.316;2.8710000000000004;7.034;46;22.385;human
209;35.122.41.177;42.193999999999996;48.451;35.159;8.126;20.105;172;21.243000000000002;human
53;117.122.39.135;45.092;26.948;24.02;5.604;27.66;97;21.660999999999998;human
44;76.96.143.156;56.851000000000006;22.759;17.208;7.1129999999999995;18.284000000000002;185;8.208;human
132;247.104.89.112;36.468;27.539;28.601;1.5959999999999999;14.276;104;14.89;human
13;27.118.40.211;59.843;41.135;31.680999999999997;1.8259999999999998;36.172;22;22.09;human
197;97.148.242.25;25.901999999999997;47.118;16.159000000000002;2.184;12.939;90;19.567999999999998;human
384;193.163.202.90;53.299;28.101;32.152;8.847999999999999;24.713;91;20.993000000000002;human
147;163.0.227.154;34.217;29.215;17.840999999999998;8.807;23.791999999999998;52;6.687;human
513;147.185.112.125;31.048000000000002;33.398;47.327;23.983;28.076;158;6.226;crawler
34;12.55.222.217;29.236;47.08;25.725;1.0659999999999998;13.072000000000001;42;3.676;human
328;110.223.15.223;36.17;49.928000000000004;20.326;7.522;34.141;104;3.5269999999999997;human
14;161.182.29.56;22.986;30.590999999999998;27.588;3.1260000000000003;29.517;70;4.346;human
299;170.108.1.97;49.266000000000005;28.794;38.605;3.468;18.778;168;14.397;human
277;197.66.146.80;56.93600000000001;43.588;23.143;4.533;36.6;103;7.4110000000000005;human
484;110.7.130.79;49.03;39.193000000000005;10.061;6.526;33.946999999999996;123;27.089000000000002;human
453;27.82.116.239;35.692;28.230999999999998;21.17;7.327000000000001;34.467;89;11.335999999999999;human
580;164.123.61.226;30.430999999999997;33.647;50.426;22.965999999999998;25.101999999999997;106;1.242;crawler
39;90.119.247.70;51.363;27.774;20.267;9.168;17.066;98;6.997999999999999;human
449;252.78.6.97;42.236999999999995;37.157;24.886;6.278;8.825;192;7.397;human
526;4.67.13.143;18.354;22.426;45.698;30.631999999999998;25.728;55;7.584;crawler
56;94.53.97.155;41.248000000000005;42.103;36.099000000000004;6.856;13.417;119;11.635;human
72;245.200.250.71;41.93600000000001;31.653000000000002;30.758000000000003;6.225;21.901999999999997;163;16.019000000000002;human
164;168.107.201.237;51.371;28.803;13.762;5.468;20.573;57;7.587999999999999;human
395;226.25.215.185;60.0;26.619;25.379;8.762;18.257;78;26.649;human
43;47.91.190.96;59.808;39.61;19.13;6.49;12.773;38;14.835;human
436;210.206.242.3;33.876;43.486000000000004;38.228;5.807;28.179000000000002;30;28.468000000000004;human
22;3.1.146.126;40.133;33.03;13.012;4.309;1.745;94;9.728;human
174;68.132.82.19;42.909;36.728;20.471;1.844;22.180999999999997;100;11.532;human
431;94.42.12.235;27.864;44.041000000000004;12.775;7.553;32.532;179;10.228;human
214;24.90.185.78;56.708;40.246;33.869;2.8360000000000003;12.988;182;17.453;human
95;38.66.73.209;23.155;48.606;34.168;4.428;1.9509999999999998;112;8.226;human
537;119.92.9.235;33.974000000000004;16.899;32.139;24.519000000000002;34.97;20;6.093;crawler
293;213.133.4.74;35.999;49.141000000000005;20.021;6.422000000000001;3.9930000000000003;93;16.665;human
219;9.246.96.236;44.748999999999995;21.06;38.198;8.693999999999999;21.068;58;22.151999999999997;human
556;55.29.69.73;22.868000000000002;30.232;49.407;27.875999999999998;22.68;56;7.5329999999999995;crawler
508;243.227.104.139;38.067;34.219;39.066;25.673000000000002;35.103;51;4.25;crawler
310;45.216.40.194;43.865;36.424;32.934;9.03;37.225;75;9.022;human
324;191.111.20.21;55.316;23.572;11.638;6.392;35.729;24;23.27;human
505;88.203.134.113;20.029;20.71;30.409000000000002;24.5;38.37;53;7.751;crawler
421;86.33.84.87;59.336000000000006;28.55;21.91;2.116;38.306999999999995;79;2.503;human
399;189.122.59.111;41.026;25.713;32.061;4.888999999999999;29.641;131;11.845;human
467;179.117.110.48;24.165;47.516000000000005;16.655;5.073;32.698;62;28.090999999999998;human
113;162.16.131.169;54.505;36.155;30.455;3.327;29.969;99;11.367;human
261;189.8.7.243;59.45399999999999;26.261;30.177;3.49;39.412;150;21.12;human
252;44.101.99.73;47.474;25.65;37.94;1.9240000000000002;30.701;41;7.537000000000001;human
172;64.27.223.124;37.213;25.164;25.224;3.016;10.665;94;26.934;human
528;137.111.185.99;24.385;21.436;42.56399999999999;25.623;33.923;143;1.077;crawler
213;243.201.245.31;30.875;21.081;10.445;4.075;14.630999999999998;24;16.214000000000002;human
385;17.63.106.68;46.675;24.429000000000002;30.64;9.047;39.949;63;11.82;human
162;250.11.37.133;56.839;43.681000000000004;20.205;3.5869999999999997;26.471;134;17.706;human
500;2.188.62.14;20.062;28.64;57.403;37.111;36.224000000000004;117;8.217;crawler
438;203.89.168.225;56.934;39.551;18.619;5.53;1.1340000000000001;197;28.204;human
343;46.103.45.214;58.913000000000004;46.03;10.898;5.881;15.424000000000001;39;28.441999999999997;human
42;235.146.160.65;35.741;33.137;11.297;4.585;18.458;191;16.423;human
337;238.19.186.253;42.32;36.993;14.904000000000002;3.7510000000000003;5.229;146;26.189;human
494;115.241.65.98;38.52;33.608000000000004;25.248;4.4719999999999995;5.819;149;4.699;human
336;55.64.180.191;36.293;36.257;10.395;4.979;31.21;118;10.253;human
254;58.43.101.140;37.313;42.065;28.058000000000003;6.707999999999999;8.059;93;14.42;human
139;65.45.176.204;56.044;28.857;25.285999999999998;7.716;16.69;125;17.664;human
85;212.202.13.8;29.22;34.991;36.923;8.168;38.531;95;28.648000000000003;human
333;59.25.125.41;30.006999999999998;47.577;25.275;3.903;26.989;130;3.84;human
170;20.78.58.241;40.759;30.781;15.720999999999998;9.183;15.715;114;9.397;human
166;75.24.58.108;52.879;30.83;30.159000000000002;2.694;28.796999999999997;35;11.46;human
405;126.202.68.102;53.254;36.385999999999996;22.89;2.6860000000000004;11.524000000000001;157;1.9709999999999999;human
520;123.222.220.71;21.701999999999998;25.862;31.368000000000002;26.744;25.371;103;5.38;crawler
417;22.196.246.95;31.011;40.613;35.371;2.972;0.418;194;15.062000000000001;human
492;166.22.59.69;22.576;45.925;24.476;7.475;13.405999999999999;34;5.968;human
230;51.228.135.77;48.99;30.688000000000002;34.749;3.766;38.107;148;7.407;human
358;107.190.81.79;24.555;42.928999999999995;11.821;3.888;21.323;121;8.729;human
428;244.184.22.136;27.889;25.21;31.894000000000002;5.6770000000000005;15.049000000000001;84;17.16;human
536;58.215.248.255;39.663000000000004;25.005;38.681999999999995;24.271;26.756999999999998;148;6.324;crawler
599;38.110.120.105;24.97;24.807;35.024;34.558;36.539;166;1.475;crawler
282;105.226.164.141;22.491;37.137;19.192999999999998;6.82;23.741;150;6.446000000000001;human
489;81.159.216.121;45.495;27.221;30.114;9.302999999999999;18.005;29;11.059000000000001;human
45;94.223.104.146;41.075;34.156;38.968;9.749;0.282;129;24.336;human
302;64.221.130.44;22.953000000000003;45.923;15.550999999999998;3.987;21.022;23;18.809;human
423;47.172.72.134;29.944000000000003;39.944;23.815;3.221;17.055;91;25.726;human
468;29.180.118.147;56.093;46.301;12.786;1.276;2.885;159;15.399000000000001;human
314;170.36.151.46;59.942;23.846;33.381;5.433;21.046;20;18.887999999999998;human
301;42.217.158.176;28.403000000000002;49.833999999999996;26.294;9.923;29.026;184;19.677;human
23;255.215.254.126;41.147;47.963;19.527;8.197000000000001;37.595;177;20.685;human
407;98.73.126.211;33.059;49.45;25.505;5.614;28.044;200;27.838;human
116;106.150.46.58;45.498999999999995;23.156;20.82;9.838;22.86;84;12.206;human
309;123.206.231.157;55.799;36.356;39.973;8.392999999999999;27.678;166;7.081;human
402;169.69.107.238;48.732;37.159;21.886;2.443;28.534000000000002;69;9.449;human
131;86.118.72.104;27.916999999999998;24.951999999999998;38.056999999999995;9.827;32.51;196;7.03;human
28;196.205.187.73;53.733000000000004;23.266;34.47;2.763;4.137;60;19.868;human
341;94.184.190.82;51.846000000000004;47.406000000000006;18.394000000000002;6.53;1.975;163;13.097000000000001;human
240;161.116.211.80;43.053999999999995;20.953000000000003;27.605;4.971;20.317999999999998;175;21.916999999999998;human
221;75.46.221.139;29.428;30.729;29.74;9.133;8.823;118;15.29;human
548;166.191.25.20;29.713;20.194000000000003;35.69;27.057;26.384;40;9.172;crawler
576;38.254.18.220;30.764;27.346999999999998;30.886;26.936999999999998;30.61;64;7.2379999999999995;crawler
3;26.16.149.35;42.247;40.343;27.748;2.496;3.3739999999999997;180;22.798000000000002;human
306;9.184.232.88;35.004;35.542;17.375;3.5439999999999996;6.372000000000001;30;21.11;human
187;138.207.86.206;41.027;33.577;17.849;7.346;16.180999999999997;162;28.478;human
64;0.97.222.22;30.214000000000002;44.076;16.974;8.601;4.078;168;16.218;human
194;73.246.136.70;43.058;29.324;10.497;3.932;25.818;30;25.026999999999997;human
344;206.45.19.50;45.121;34.187;33.715;2.2880000000000003;2.847;121;28.124000000000002;human
300;137.15.91.231;40.757;33.321;36.799;3.486;6.843999999999999;189;28.479;human
258;87.79.207.72;29.583000000000002;42.177;10.460999999999999;4.2330000000000005;21.031999999999996;134;4.006;human
180;97.199.63.135;29.051;28.809;37.444;3.307;37.926;179;16.517;human
119;117.233.186.80;54.11;41.43600000000001;36.080999999999996;4.293;22.065;115;7.86;human
6;249.160.207.168;21.834;20.273;27.543000000000003;4.205;31.865;27;19.619;human
547;38.150.191.15;37.231;21.309;38.298;28.275;37.201;56;3.548;crawler
563;68.239.88.107;15.959000000000001;18.36;59.151;26.671999999999997;36.277;173;1.4280000000000002;crawler
100;49.169.146.158;37.713;36.316;19.797;6.095;24.8;25;1.632;human
418;108.251.119.192;41.896;49.813;23.991999999999997;5.287000000000001;27.48;95;10.734000000000002;human
190;91.187.188.1;57.578;38.535;17.436;8.476;28.31;73;9.949;human
236;35.191.242.247;42.788999999999994;26.822;29.706999999999997;2.122;30.500999999999998;97;13.595;human
83;97.98.184.231;52.146;30.598000000000003;28.333000000000002;6.189;18.352;153;24.916;human
173;50.147.103.94;31.506999999999998;39.924;29.941999999999997;4.493;25.141;95;2.008;human
124;175.128.175.47;36.463;44.88399999999999;31.098000000000003;7.362;17.104;79;18.81;human
169;152.102.118.135;55.957;37.799;32.607;8.502;10.559000000000001;184;19.2;human
191;247.167.181.25;46.674;48.727;28.345;8.672;18.451;33;26.283;human
202;156.51.22.3;21.572;46.715;11.34;8.277999999999999;19.885;23;4.638999999999999;human
283;173.101.244.185;54.201;29.941;23.041;3.195;10.249;198;7.051;human
272;62.6.6.122;22.169;26.393;26.616999999999997;2.819;8.847000000000001;173;10.407;human
590;206.31.252.104;30.754;24.656;38.071;12.099;36.614000000000004;52;7.66;crawler
264;137.46.115.244;44.677;33.15;25.938000000000002;9.119;34.389;195;5.841;human
211;48.166.68.114;20.574;49.79600000000001;12.809000000000001;4.324;17.299;193;28.141;human
523;42.32.196.254;35.525;34.305;34.06;32.638000000000005;32.439;131;4.959;crawler
515;188.61.167.222;25.864;33.274;30.904;18.744;21.129;86;9.995;crawler
496;48.161.192.87;41.861000000000004;37.169000000000004;31.045;3.385;2.602;64;25.006999999999998;human
427;146.52.25.177;40.819;33.861;20.564;5.171;20.108;166;27.331;human
572;37.181.245.197;24.525;26.75;51.059;36.492;32.959;133;1.4480000000000002;crawler
560;88.176.156.137;39.339;15.524000000000001;32.614000000000004;18.930999999999997;27.254;156;2.636;crawler
439;33.222.33.212;58.263000000000005;23.5;17.729;2.19;31.133000000000003;172;22.871;human
35;157.157.162.50;22.985;37.29;18.32;4.21;19.125;190;7.933;human
597;209.79.105.242;37.452;26.744;40.146;22.248;33.497;26;4.173;crawler
390;11.124.77.38;59.45399999999999;20.741999999999997;27.232;6.327999999999999;28.381;76;26.959;human
118;159.106.26.59;22.134;34.931999999999995;34.092;8.329;36.21;129;3.785;human
150;240.51.154.212;36.973;23.995;34.314;7.207999999999999;7.517;46;29.247;human
555;5.198.91.76;16.410999999999998;32.529;38.775999999999996;10.319;26.998;67;9.106;crawler
71;190.99.155.153;50.518;22.124000000000002;28.678;1.229;26.401999999999997;189;16.646;human
274;164.99.201.146;33.491;30.754;32.689;4.558;12.982999999999999;175;2.13;human
19;99.1.51.70;41.301;43.949;17.745;8.079;6.313;184;22.322;human
567;171.142.156.4;37.696999999999996;29.04;46.218999999999994;16.074;39.198;110;4.7;crawler
357;29.105.91.219;51.20399999999999;38.705999999999996;31.77;6.5489999999999995;22.658;154;20.584;human
256;209.12.127.43;22.908;27.473000000000003;25.114;1.2690000000000001;32.064;20;6.193;human
379;147.112.190.24;56.751999999999995;37.61;22.429000000000002;5.796;12.774000000000001;156;23.899;human
543;211.239.143.134;25.416999999999998;15.532;48.538999999999994;22.791;21.094;30;9.349;crawler
587;109.244.151.155;17.072;30.278000000000002;48.239;27.32;34.833;54;7.212000000000001;crawler
322;144.33.83.240;46.021;27.213;17.535999999999998;4.499;1.2009999999999998;33;8.908;human
21;211.202.40.208;26.336;42.678999999999995;19.874000000000002;1.9680000000000002;33.137;148;23.246;human
583;11.230.13.148;30.773000000000003;25.927;35.426;24.831999999999997;38.784;89;2.135;crawler
317;18.27.164.203;46.559;22.878;19.34;6.947;37.531;163;3.167;human
107;100.228.166.226;51.023;33.44;24.124000000000002;9.937000000000001;13.039000000000001;48;4.391;human
448;175.73.209.50;59.565;21.219;26.761;1.037;21.748;27;11.734000000000002;human
152;47.54.151.120;35.444;37.098;34.251999999999995;4.024;9.455;115;13.693;human
218;180.93.103.63;59.723;24.304000000000002;18.808;4.0;18.833;150;3.734;human
366;134.185.59.146;30.406;39.564;11.28;3.005;1.683;119;26.544;human
326;94.98.125.226;43.132;23.15;10.655;4.072;29.791;36;11.173;human
499;130.171.16.151;24.226999999999997;30.37;38.648;6.178999999999999;35.06;109;27.186999999999998;human
285;86.212.79.210;34.236;34.178000000000004;18.854;1.068;12.882;72;9.83;human
58;189.45.53.12;48.718999999999994;32.736;20.871;6.365;17.085;150;3.6069999999999998;human
451;151.141.125.101;48.665;22.154;15.633;9.042;2.33;105;4.0169999999999995;human
493;67.219.127.8;32.224000000000004;39.703;30.201999999999998;4.927;19.887;40;18.048;human
320;181.221.168.176;55.802;22.236;37.311;9.084;0.121;151;29.844;human
94;25.33.102.72;46.431999999999995;48.77;11.263;4.22;9.811;157;2.799;human
2;168.160.249.78;20.108;31.654;19.284000000000002;5.37;39.179;85;5.675;human
186;166.255.54.212;56.653999999999996;42.446000000000005;28.866999999999997;7.559;6.9079999999999995;170;1.659;human
335;204.204.132.32;44.32899999999999;21.581999999999997;13.064;3.778;20.684;185;25.864;human
530;46.142.159.173;30.266;28.351;51.068999999999996;21.784000000000002;38.391;37;6.905;crawler
435;118.134.191.69;56.83;45.213;11.128;1.97;35.084;195;16.195999999999998;human
443;0.82.149.30;47.722;40.838;33.268;6.295;9.213;76;16.715;human
332;144.86.193.123;44.338;41.332;11.284;5.608;33.76;93;13.607999999999999;human
414;178.197.37.88;48.203;39.049;20.818;1.495;27.366999999999997;187;17.942;human
338;16.244.213.241;52.06100000000001;47.771;37.164;2.793;32.153;94;23.23;human
193;84.136.56.125;48.486000000000004;27.125;16.567;7.067;3.3080000000000003;120;22.685;human
207;155.251.15.93;42.968;34.1;13.937999999999999;2.146;34.264;163;4.537;human
195;210.243.97.170;43.541000000000004;29.308000000000003;16.875;4.189;7.039;165;11.328;human
319;17.153.131.85;49.68600000000001;40.830999999999996;14.616;1.439;34.326;162;13.556;human
546;59.222.236.131;18.031;20.500999999999998;36.010999999999996;36.94;28.596999999999998;69;6.832000000000001;crawler
245;66.127.223.15;57.158;28.051;32.509;9.155;11.982000000000001;102;28.151999999999997;human
566;215.126.225.178;29.151;32.821999999999996;47.263000000000005;24.871;22.247;173;9.515;crawler
367;3.132.186.137;43.992;39.943000000000005;15.613;4.752;19.449;112;3.657;human
371;36.67.14.254;55.971000000000004;34.121;29.546999999999997;9.706;3.187;112;4.5;human
189;66.123.21.205;45.813;22.588;14.833;5.236000000000001;16.817999999999998;189;13.290999999999999;human
40;127.130.185.30;46.923;20.464000000000002;10.620999999999999;5.188;21.399;153;26.898000000000003;human
389;133.77.124.181;22.509;21.218000000000004;24.055;6.565;11.895999999999999;86;21.128;human
545;88.114.191.195;29.613000000000003;15.231;45.978;38.196;28.881999999999998;37;8.09;crawler
158;165.161.107.74;21.068;27.01;35.281;7.281000000000001;5.5120000000000005;47;24.594;human
134;123.37.28.3;37.547;42.353;11.757;8.383;33.463;30;17.488;human
257;109.27.109.91;55.476000000000006;26.115;34.954;9.574;8.152999999999999;170;8.916;human
372;99.245.64.134;43.925;46.161;16.586;5.7170000000000005;2.5469999999999997;173;19.991;human
401;156.66.135.237;58.443999999999996;29.921;17.947;3.09;19.794;165;27.023000000000003;human
17;83.171.182.1;29.418000000000003;36.855;11.1;3.641;0.429;29;23.643;human
514;120.106.195.7;21.205;20.104;33.492;28.528000000000002;35.643;25;1.44;crawler
275;194.52.50.101;24.441999999999997;43.608000000000004;24.788;5.9639999999999995;24.774;23;12.312999999999999;human
354;206.61.5.154;53.085;42.126999999999995;39.008;3.623;17.051;73;28.17;human
447;237.215.107.218;24.576;27.128;29.676;8.442;0.20800000000000002;22;18.423;human
442;151.134.71.158;37.284;26.305;28.404;5.88;6.792999999999999;32;1.254;human
140;131.191.112.24;31.776999999999997;48.162;34.116;9.269;16.067999999999998;125;9.582;human
229;95.120.179.11;35.014;49.551;38.326;3.8739999999999997;4.404;138;12.171;human
224;44.105.131.90;35.832;25.366;12.942;5.941;31.656;142;24.726999999999997;human
312;157.41.137.0;31.284000000000002;27.995;39.806999999999995;2.4;3.873;68;3.655;human
121;26.173.216.36;47.99100000000001;30.773000000000003;31.641;9.976;17.846;69;1.831;human
176;43.103.97.98;49.511;28.497;31.36;4.362;34.847;121;19.362000000000002;human
117;205.4.110.127;35.435;41.003;39.903;2.94;4.9110000000000005;34;27.521;human
200;230.140.5.57;47.567;28.699;18.137;7.5760000000000005;33.732;54;20.660999999999998;human
342;125.112.14.228;44.46;41.101000000000006;29.523000000000003;3.426;36.415;100;14.655999999999999;human
99;89.3.8.9;34.579;27.090999999999998;29.176;8.062000000000001;5.2989999999999995;59;23.846;human
400;129.116.13.111;53.62;35.621;39.005;3.763;22.963;86;10.731;human
242;150.45.214.22;59.739;37.687;28.268;6.142;26.563000000000002;92;23.611;human
382;73.236.65.102;37.39;24.713;32.871;7.522;2.31;65;24.37;human
208;136.104.83.104;45.626000000000005;42.409;10.833;7.412999999999999;18.724;112;13.632;human
340;249.234.164.110;52.371;45.21;12.112;3.51;19.381;173;10.158;human
154;145.30.199.196;35.356;33.113;33.723;1.574;34.87;42;29.237;human
365;158.40.136.39;23.325;46.913000000000004;26.79;6.907;32.275;152;20.820999999999998;human
129;11.38.1.26;25.169;31.31;11.749;2.7760000000000002;21.906;37;4.319;human
133;111.204.247.166;43.97;42.47;22.07;5.394;38.549;20;19.637;human
364;17.100.217.182;57.812;28.134;38.938;6.349;24.136999999999997;67;16.902;human
37;89.156.228.39;20.58;42.428000000000004;25.686;5.818;30.814;62;21.554000000000002;human
458;67.21.103.212;28.425;28.94;37.35;5.388999999999999;23.686999999999998;69;24.381;human
460;132.129.214.167;24.654;23.521;25.14;3.437;35.545;64;6.794;human
87;160.207.67.43;28.589000000000002;24.016;26.662;1.3;6.561;47;3.515;human
323;181.106.193.255;52.653999999999996;33.161;18.930999999999997;2.452;19.496;137;8.603;human
532;74.22.18.130;25.963;32.419000000000004;57.75;31.136;27.316;73;6.242999999999999;crawler
444;249.225.245.19;54.968;29.221;37.102;4.511;19.26;180;24.087;human
278;160.223.178.207;52.827;36.329;26.814;2.119;4.419;23;15.384;human
260;142.72.132.77;28.91;49.861999999999995;21.729;4.915;30.634;149;15.445;human
350;201.155.140.51;36.409;22.430999999999997;14.995;6.115;29.647;149;3.969;human
286;98.120.205.222;34.426;29.041999999999998;30.533;3.522;27.182;135;1.6840000000000002;human
49;58.86.128.19;39.98;48.534;36.258;3.687;31.666999999999998;53;5.652;human
410;249.147.216.122;48.236999999999995;41.996;33.668;3.915;26.480999999999998;133;19.882;human
424;181.110.68.179;46.745;20.090999999999998;32.141;4.09;23.519000000000002;40;25.12;human
388;173.46.57.9;23.426;27.41;22.230999999999998;5.046;37.409;38;28.098000000000003;human
269;55.227.63.132;48.65;28.704;23.041999999999998;9.119;33.798;166;13.289000000000001;human
16;82.147.72.33;59.722;47.933;35.998000000000005;3.5580000000000003;32.773;169;17.813;human
279;250.159.73.205;24.511;20.211;34.131;3.697;33.499;170;16.559;human
355;145.173.77.57;47.375;41.551;15.702;1.581;13.905;138;29.865;human
289;196.63.90.42;48.354;44.681999999999995;12.615;1.6780000000000002;19.207;131;29.982;human
143;116.191.40.139;58.911;45.56399999999999;11.209000000000001;5.694;9.205;45;23.555;human
165;2.42.25.166;47.713;30.085;34.279;1.189;6.375;138;22.74;human
103;88.52.52.152;59.695;30.184;18.477;8.966000000000001;34.466;134;2.611;human
73;34.191.176.198;40.797;37.597;10.368;4.898;27.701999999999998;177;12.370999999999999;human
295;129.78.53.196;23.096999999999998;29.241;39.080999999999996;2.8760000000000003;19.37;24;20.763;human
380;66.38.114.230;58.406000000000006;42.651;33.209;2.021;34.665;56;20.426;human
54;164.166.200.88;46.373999999999995;22.369;21.109;8.756;30.714000000000002;175;1.1740000000000002;human
491;91.61.92.255;27.986;38.315;21.373;7.029;10.215;147;24.256999999999998;human
351;212.160.241.26;25.693;21.456;29.767;6.73;27.4;54;22.79;human
96;111.239.177.226;42.888999999999996;21.349;19.348;5.337000000000001;27.604;42;13.997;human
485;207.174.58.234;43.113;34.199;33.824;7.335;3.988;68;7.721;human
593;80.195.57.33;31.143;26.552;30.753;16.46;36.454;192;2.927;crawler
259;39.94.29.236;30.528000000000002;21.308000000000003;21.01;1.795;6.867000000000001;91;2.653;human
234;1.189.66.103;34.576;44.465;36.047;5.809;21.57;122;2.585;human
315;12.10.245.170;39.412;24.978;27.884;9.826;6.081;39;19.323;human
10;124.23.63.45;31.372;47.184;22.616999999999997;1.236;39.794000000000004;43;9.163;human
156;67.21.100.117;32.93;47.715;35.174;7.5089999999999995;12.833;44;17.488;human
110;102.36.122.125;41.075;36.501;15.232999999999999;8.935;23.002;187;13.225;human
203;117.60.134.67;35.31;49.641999999999996;27.855999999999998;8.158999999999999;28.208000000000002;44;25.064;human
27;61.147.156.128;52.093999999999994;39.584;34.039;3.133;22.863000000000003;136;7.638;human
239;14.234.253.119;49.363;42.118;11.082;2.7030000000000003;11.942;49;29.881;human
419;121.245.70.225;27.881;28.464000000000002;38.76;6.162000000000001;20.102;156;19.021;human
115;192.116.130.28;29.088;34.329;22.96;6.006;22.605;22;5.36;human
392;32.117.101.206;20.944000000000003;42.345;19.355999999999998;2.0980000000000003;18.387999999999998;37;24.32;human
455;25.102.26.24;53.856;42.235;25.041999999999998;4.508;29.346999999999998;152;5.212000000000001;human
91;244.113.33.164;20.298;40.914;21.115;7.379;8.661;28;29.561;human
339;44.96.63.45;21.399;40.497;18.588;5.906000000000001;32.845;107;17.345;human
403;78.116.12.106;46.496;47.004;25.153000000000002;3.773;32.043;79;28.486;human
359;204.213.58.120;30.978;26.198;36.071;8.394;19.026;62;17.999000000000002;human
68;165.240.54.40;43.147;47.873000000000005;38.058;8.891;2.1180000000000003;82;19.592;human
582;213.240.166.85;18.424;18.022000000000002;41.24;33.824;27.034000000000002;68;5.48;crawler
62;188.171.25.2;36.914;24.724;37.417;7.4;33.336999999999996;177;1.7080000000000002;human
303;6.238.216.201;32.876;32.412;15.068;7.148;37.249;115;15.472000000000001;human
267;110.136.30.75;54.076;43.54600000000001;11.855;7.224;20.802;178;14.669;human
125;141.61.245.169;59.175;49.589;17.516;8.181000000000001;19.53;109;11.965;human
535;32.153.219.14;16.959;21.826999999999998;56.11;28.342;39.397;145;9.02;crawler
41;244.5.164.59;37.555;26.348000000000003;27.139;9.923;32.634;105;20.262999999999998;human
411;243.238.123.203;38.635999999999996;20.213;16.153;9.355;20.348;161;26.058000000000003;human
434;16.155.121.65;56.98;35.065;36.601;5.8660000000000005;1.732;29;3.0639999999999996;human
540;158.22.246.105;30.248;29.926;58.86600000000001;26.066999999999997;32.796;116;8.335;crawler
126;102.152.193.169;23.88;37.241;17.329;5.025;12.105;177;2.167;human
262;238.150.17.18;25.930999999999997;43.187;39.449;3.563;17.915;61;18.46;human
378;140.251.0.214;49.64;28.331;10.300999999999998;9.211;12.437000000000001;62;17.805999999999997;human
235;185.116.252.184;33.533;43.086999999999996;12.99;3.451;21.685;98;2.7560000000000002;human
179;193.237.15.109;20.005;49.346000000000004;37.996;3.9760000000000004;17.377;108;2.406;human
144;234.189.21.142;59.78;38.528;15.991;9.695;13.671;196;12.352;human
584;203.145.42.13;24.405;26.388;33.284;19.264;35.356;177;2.224;crawler
404;128.161.36.69;52.452;41.635;10.702;5.653;34.832;72;7.221;human
135;155.215.132.209;57.367;42.693999999999996;32.325;4.537;30.989;116;27.929000000000002;human
308;201.253.44.90;20.918000000000003;23.48;12.724;6.421;25.011999999999997;84;15.183;human
512;105.50.225.121;18.33;20.976999999999997;31.982;11.245999999999999;31.139;38;3.082;crawler
181;42.184.76.96;51.251999999999995;43.248999999999995;10.869000000000002;9.942;28.563000000000002;77;17.21;human
225;60.99.52.87;27.365;35.961999999999996;25.224;4.417;35.754;104;16.156;human
183;167.90.184.34;56.461999999999996;43.839;34.332;2.5610000000000004;31.506;133;11.229000000000001;human
161;1.241.21.123;21.969;22.198;38.645;1.505;38.863;120;28.208000000000002;human
501;62.176.80.156;20.02;33.016999999999996;40.32;18.39;23.107;73;9.184;crawler
280;165.49.248.122;31.889;38.171;26.928;3.685;1.797;82;4.37;human
393;240.21.251.194;47.471000000000004;38.268;34.433;3.735;39.803000000000004;120;26.38;human
542;250.123.191.107;34.146;30.151;52.782;12.716;37.293;97;6.715;crawler
77;179.38.194.208;22.267;23.908;31.19;1.149;6.006;111;11.895999999999999;human
18;51.230.71.227;39.957;41.95;36.986999999999995;1.426;33.191;35;8.745;human
559;20.67.80.162;28.041;28.859;42.07899999999999;21.796999999999997;38.829;38;5.1160000000000005;crawler
503;200.22.189.173;35.888000000000005;24.691999999999997;53.45;33.569;39.992;45;6.296;crawler
454;191.159.191.170;41.989;39.034;15.995999999999999;3.492;24.838;63;3.3310000000000004;human
433;10.6.234.189;51.492;37.149;12.967;7.131;6.73;115;18.359;human
376;56.240.124.174;26.763;48.911;16.886;6.206;28.415;147;12.24;human
81;149.17.96.115;51.883;40.659;10.52;2.7239999999999998;39.138000000000005;87;9.726;human
90;16.3.111.25;38.049;28.816;22.221;9.731;9.327;184;12.079;human
253;195.169.49.113;50.095;47.015;23.776;4.147;2.369;100;28.37;human
557;142.193.90.117;36.675;25.174;33.673;25.511999999999997;33.628;190;8.547;crawler
146;164.174.102.184;45.733000000000004;27.45;33.01;2.696;0.657;57;21.861;human
76;9.21.220.147;27.436;43.202;21.203000000000003;8.083;22.378;31;24.639;human
391;207.42.8.145;34.601;43.37;27.334;7.315;2.279;192;12.105;human
409;146.199.232.162;47.52;47.574;22.613000000000003;6.1610000000000005;26.555;78;7.593;human
30;210.58.43.28;41.24;44.364;15.415999999999999;6.212999999999999;14.713;126;12.799000000000001;human
11;162.176.249.44;57.953;27.959;21.995;5.024;4.66;104;23.796999999999997;human
518;188.58.190.167;35.998000000000005;21.23;35.477;38.260999999999996;26.691999999999997;183;2.261;crawler
571;54.62.253.38;25.184;25.432;31.825;26.921999999999997;35.649;106;2.656;crawler
311;126.84.25.172;44.598;36.349000000000004;18.192999999999998;3.0660000000000003;18.564;86;8.857000000000001;human
331;50.43.156.102;23.219;38.751999999999995;39.405;7.9239999999999995;22.91;35;5.222;human
55;49.195.33.166;47.037;27.194000000000003;11.686;6.609;18.064;47;7.656000000000001;human
281;25.150.127.142;28.936999999999998;23.054000000000002;30.113000000000003;4.508;28.598000000000003;100;16.413;human
345;142.228.110.0;28.443;29.406999999999996;12.318;9.873;6.564;73;5.066;human
459;110.91.191.119;25.070999999999998;38.633;39.079;8.334;24.726;172;29.185;human
205;140.17.214.72;39.363;36.169000000000004;20.733;2.6910000000000003;1.197;34;10.652999999999999;human
212;88.225.139.37;23.259;44.672;19.712;7.563;27.247;45;12.219000000000001;human
360;19.25.119.86;27.965999999999998;44.648999999999994;28.839000000000002;7.577999999999999;26.4;136;22.671999999999997;human
69;99.174.13.84;59.997;35.431;25.713;4.968;22.458000000000002;50;14.924000000000001;human
36;150.205.10.255;59.336000000000006;41.534;13.878;3.608;32.37;155;17.116;human
422;18.106.67.11;42.54;42.346000000000004;16.9;3.64;9.898;27;6.006;human
192;16.68.224.193;27.814;26.736;32.988;7.721;27.609;179;25.052;human
204;233.11.63.119;57.351000000000006;40.165;35.153;7.782;6.529;93;19.162;human
292;115.239.243.152;31.863000000000003;36.145;36.624;8.797;25.119;178;20.791;human
352;100.224.127.56;45.218;21.189;13.422;2.489;25.754;24;7.475;human
206;109.151.102.223;33.405;36.749;36.603;8.398;9.545;164;27.619;human
184;102.17.204.59;59.825;32.721;17.13;6.6979999999999995;1.026;122;16.557000000000002;human
268;92.228.51.125;35.823;31.666999999999998;21.215;6.432;24.123;131;10.231;human
527;63.203.53.151;25.522;19.023;40.11;33.789;37.074;150;3.127;crawler
75;202.204.63.203;35.55;20.371;37.264;1.3119999999999998;35.996;96;4.64;human
386;226.140.176.116;46.537;21.564;36.411;8.745;23.346;187;25.401;human
374;233.236.142.181;58.926;39.536;39.275999999999996;7.45;36.279;139;12.297;human
464;147.104.1.9;28.895;26.987;30.355999999999998;7.73;36.533;152;20.544;human
498;6.70.136.200;20.267;22.938000000000002;11.363;8.357999999999999;19.925;105;29.471999999999998;human
480;147.51.179.253;58.28;48.156000000000006;22.741999999999997;1.869;3.253;165;29.136999999999997;human
284;225.11.199.76;25.463;28.039;24.326;9.68;26.833000000000002;66;28.147;human
82;64.59.176.159;30.653000000000002;26.658;31.228;1.829;0.9059999999999999;168;18.151;human
66;26.54.2.170;59.433;38.919000000000004;25.63;6.028;16.394000000000002;141;26.936;human
531;84.85.155.194;27.051;17.878;56.68600000000001;29.064;32.746;140;2.4530000000000003;crawler
541;178.120.179.228;25.419;30.599;31.758000000000003;25.296;35.478;138;1.989;crawler
495;59.2.47.229;55.341;39.782;35.847;7.1129999999999995;1.238;32;29.563000000000002;human
228;28.227.42.81;27.779;41.833;30.201999999999998;4.343;11.807;29;22.984;human
477;158.106.16.238;44.3;47.4;23.785999999999998;8.267999999999999;28.276;48;8.059;human
361;71.99.148.130;44.06100000000001;27.976999999999997;10.584000000000001;7.575;15.222000000000001;101;17.514;human
575;74.248.112.208;39.391999999999996;23.458000000000002;40.573;38.111999999999995;34.103;52;4.7669999999999995;crawler
291;219.123.243.198;28.381999999999998;47.31399999999999;39.615;5.343999999999999;3.5460000000000003;137;14.01;human
84;188.223.173.51;51.068999999999996;34.778;25.135;5.547999999999999;14.231;53;2.7430000000000003;human
270;219.179.165.191;53.23;48.869;24.561;6.955;5.273;86;11.065999999999999;human
201;85.118.69.209;26.570999999999998;44.69;36.34;2.1390000000000002;18.23;160;17.067;human
263;139.5.31.182;23.415;45.403999999999996;34.708;9.256;21.109;71;11.036;human
565;124.240.66.182;15.607000000000001;28.243000000000002;48.628;29.914;32.303000000000004;87;5.666;crawler
353;125.177.189.95;46.077;22.433000000000003;24.706;4.945;25.002;40;20.250999999999998;human
182;43.20.238.113;26.118000000000002;33.278;25.061999999999998;6.025;5.752999999999999;73;8.238;human
486;127.139.28.247;35.097;46.739;21.753;1.2329999999999999;23.741999999999997;43;27.194000000000003;human
346;206.144.110.70;56.544;46.726000000000006;27.393;5.7860000000000005;38.981;187;9.699;human
210;90.174.48.232;37.158;29.291999999999998;16.447;8.486;4.563;172;23.953000000000003;human
432;148.242.196.70;29.409000000000002;27.910999999999998;25.133000000000003;8.392000000000001;23.888;68;21.291;human
4;55.109.152.144;48.71;28.189;27.885;6.2860000000000005;34.247;135;10.978;human
65;50.56.239.131;48.141000000000005;42.538000000000004;28.6;5.697;13.022;131;18.871;human
250;94.171.160.48;36.903;32.11;38.416;7.041;37.72;104;4.61;human
450;94.166.78.182;45.693000000000005;43.961000000000006;21.23;4.885;12.024000000000001;191;10.638;human
304;43.206.138.52;36.621;48.278999999999996;28.343000000000004;3.082;28.344;84;2.463;human
251;240.195.100.244;55.876999999999995;25.761;33.719;8.786;35.4;77;10.270999999999999;human
288;193.199.74.77;42.455;25.201;31.456999999999997;1.837;9.901;101;11.005;human
227;14.194.215.247;59.273999999999994;39.213;20.419;1.276;38.444;179;14.311;human
554;209.27.168.107;17.699;26.910999999999998;54.571000000000005;28.052;39.088;55;3.08;crawler
362;51.64.227.200;22.188000000000002;42.75899999999999;21.519000000000002;1.008;23.133000000000003;95;12.958;human
296;185.78.236.32;38.657;46.288999999999994;35.283;7.3839999999999995;28.371;65;15.624;human
178;73.84.63.129;51.643;28.987;18.226;4.212;17.227;42;18.785;human
313;176.238.220.37;28.840999999999998;46.659;18.877;7.232;17.442999999999998;122;5.1979999999999995;human
329;225.37.62.248;51.94;27.63;14.411;8.93;21.339000000000002;54;5.973;human
67;5.100.255.145;20.897;46.178000000000004;10.978;3.053;25.734;119;16.486;human
564;46.171.125.244;23.708000000000002;25.267;49.95399999999999;10.777000000000001;20.628;97;1.0270000000000001;crawler
217;23.195.33.79;35.367;28.945999999999998;15.832;5.947;2.49;124;21.738000000000003;human
475;208.146.95.186;43.415;40.597;38.926;4.51;29.734;36;28.177;human
122;200.209.59.108;28.094;35.917;26.189;1.3119999999999998;13.033;27;23.217;human
32;235.89.149.56;23.421;47.032;39.722;6.334;28.739;41;8.624;human
377;20.163.102.162;58.201;21.889;18.086;9.126;17.618;134;16.410999999999998;human
588;193.55.238.223;18.739;16.291;47.153;34.02;27.994;187;8.92;crawler
479;213.233.78.39;49.535;31.794;26.38;4.752;0.504;20;3.66;human
398;167.16.32.162;46.012;48.32;31.404;9.753;11.849;125;11.337;human
463;80.142.133.11;46.387;25.959;14.704;1.646;30.372;25;6.846;human
12;90.18.158.26;39.646;35.266999999999996;25.173000000000002;5.1339999999999995;9.205;58;4.393;human
591;31.140.239.173;28.383000000000003;23.136999999999997;56.693000000000005;31.616999999999997;26.076999999999998;32;5.757999999999999;crawler
325;213.23.33.144;32.027;38.451;10.749;6.194;6.525;48;5.707999999999999;human
561;222.163.89.170;25.773000000000003;20.283;40.929;17.723;35.25;31;6.577000000000001;crawler
151;8.172.189.101;32.181999999999995;47.981;27.02;6.189;2.764;189;27.48;human
481;217.101.140.123;43.964;38.621;15.377;3.944;1.6;25;13.198;human
356;57.165.146.214;32.882;27.204;11.845;4.958;19.064;49;7.667000000000001;human
157;186.166.197.42;57.68600000000001;26.334;17.442;2.044;39.093;157;20.791;human
8;253.92.76.94;57.707;37.893;21.656;7.742999999999999;24.337;80;13.206;human
469;175.85.212.201;36.667;48.678000000000004;39.957;5.013;37.049;158;18.29;human
474;19.9.252.112;38.623000000000005;22.916;22.176;3.9139999999999997;2.569;118;4.329;human
524;218.104.71.187;22.459;17.456;46.661;29.819000000000003;22.743000000000002;104;7.603;crawler
47;129.83.26.53;52.903999999999996;31.587;32.696;5.236000000000001;13.024000000000001;34;18.335;human
29;146.220.73.153;31.97;49.593;32.052;1.454;26.173000000000002;141;4.913;human
594;15.76.251.237;26.166999999999998;27.245;32.080999999999996;34.715;37.099000000000004;176;6.502999999999999;crawler
89;147.106.244.146;21.385;36.172;25.427;7.912000000000001;18.245;106;21.311999999999998;human
141;163.237.125.165;35.65;30.191999999999997;13.697000000000001;7.744;11.673;65;24.499000000000002;human
0;239.251.203.224;46.946999999999996;35.969;14.783;2.889;12.040999999999999;188;3.423;human
558;139.130.236.95;21.541999999999998;29.534000000000002;50.129;12.567;30.587;51;7.3629999999999995;crawler
52;221.19.228.57;49.817;41.328;34.031;9.538;5.733;131;2.8810000000000002;human
408;143.49.4.237;28.289;22.395;16.335;1.709;5.483;197;25.468000000000004;human
462;32.155.187.105;38.787;37.638000000000005;15.81;8.44;28.541999999999998;126;17.314;human
198;131.35.5.143;38.853;24.95;11.907;7.0889999999999995;38.256;145;1.252;human
231;138.16.231.50;40.778;45.159;25.525;2.932;22.7;146;18.782;human
539;205.212.202.228;20.666999999999998;15.432;35.654;24.022;29.22;184;7.763999999999999;crawler
80;74.96.202.96;50.99100000000001;26.303;23.340999999999998;6.284;19.243;34;2.09;human
412;109.177.65.72;53.199;41.327;32.07;4.7989999999999995;26.979;86;13.511;human
552;180.132.53.158;29.486;20.826999999999998;42.597;31.463;24.493000000000002;125;2.137;crawler
215;225.135.25.34;30.195999999999998;23.215999999999998;27.743000000000002;2.5980000000000003;22.267;150;28.745;human
598;242.191.68.207;32.772;16.374000000000002;41.398;17.012;28.484;144;7.896;crawler
290;113.58.173.72;26.375;38.583;19.367;7.547999999999999;21.496;192;18.163;human
9;28.209.47.109;42.847;31.375999999999998;39.067;5.4510000000000005;19.793;31;18.93;human
476;166.248.65.156;56.068000000000005;45.705;20.363;7.507999999999999;7.069;114;18.112000000000002;human
196;88.73.198.124;25.073;37.942;22.969;4.66;39.705999999999996;130;27.241;human
7;24.201.54.13;40.211999999999996;23.414;12.046;7.035;0.19899999999999998;88;26.114;human
441;232.181.190.128;27.129;48.748999999999995;34.746;5.146;33.577;21;16.492;human
348;237.61.65.123;23.921;23.951;34.498000000000005;6.827999999999999;9.325;189;1.176;human
74;174.136.122.7;23.208000000000002;37.78;11.572000000000001;4.185;1.534;139;9.648;human
5;56.161.153.41;50.775;28.614;26.328000000000003;9.271;19.285999999999998;161;3.968;human
38;43.24.177.46;28.615;48.647;24.584;9.941;7.071000000000001;187;3.115;human
105;93.241.51.226;44.343;23.049;32.848;2.481;26.230999999999998;193;19.002;human
93;245.128.191.116;51.239;22.791;18.15;8.27;22.638;50;28.599;human
51;103.15.219.136;45.184;23.77;34.243;5.417000000000001;19.054000000000002;138;27.8;human
568;173.93.94.30;22.176;29.449;56.678999999999995;28.308000000000003;35.009;95;6.43;crawler
216;108.136.49.216;44.856;27.872;19.227;9.937000000000001;12.136;96;24.489;human
155;136.78.20.115;40.439;23.052;38.824;2.458;6.397;90;29.623;human
471;67.170.244.138;59.434;29.612;17.598;3.569;20.438;118;28.488000000000003;human
585;239.146.95.173;22.444000000000003;21.357;54.367;33.056999999999995;27.186;83;6.521;crawler
79;139.247.75.181;57.132;31.12;15.97;5.687;8.934;125;28.951;human
457;9.85.241.77;30.156;32.076;38.385;5.296;21.199;107;1.367;human
297;25.204.38.251;22.566999999999997;46.131;25.71;9.287;21.796;41;28.71;human
112;254.252.50.186;46.593999999999994;44.926;38.922;1.8159999999999998;0.551;58;22.814;human
106;111.185.174.67;30.015;45.157;29.467;1.8719999999999999;33.023;61;3.323;human
577;160.3.74.191;33.224000000000004;29.489;52.261;24.930999999999997;30.634;73;1.349;crawler
510;42.251.0.243;38.279;27.096999999999998;55.675;28.555;22.322;32;7.359;crawler
406;83.163.77.20;22.558000000000003;20.054000000000002;28.613000000000003;6.141;30.031;136;26.006999999999998;human
579;158.39.30.102;34.695;18.229;48.941;13.168;26.076;128;5.132000000000001;crawler
48;157.117.199.250;21.967;28.119;27.685;6.055;12.345999999999998;91;23.057;human
534;59.67.174.229;16.452;33.704;52.528;13.707;21.013;79;8.732999999999999;crawler
248;88.21.95.196;45.86;30.1;26.522;5.2170000000000005;8.697000000000001;34;24.156;human
305;191.194.47.198;41.48;40.361999999999995;33.669000000000004;8.36;12.952;64;9.941;human
349;142.191.65.84;31.256;42.825;29.851;5.353;17.562;90;20.885;human
33;65.186.54.166;58.75899999999999;33.929;11.013;6.084;0.754;68;18.815;human
553;245.21.241.16;20.273;15.922;41.221000000000004;36.519;23.013;144;9.076;crawler
244;242.52.141.170;57.302;39.635999999999996;30.423000000000002;6.159;36.796;185;17.049;human
502;126.144.138.80;34.718;22.932;51.47;11.763;20.358;71;9.84;crawler
573;22.157.108.170;30.761999999999997;31.029;38.282;20.294;33.73;20;7.879;crawler
456;6.203.160.23;42.136;40.968999999999994;15.360999999999999;2.432;9.04;54;16.61;human
446;179.185.27.66;25.052;29.451999999999998;24.976;3.8369999999999997;26.795;23;25.43;human
276;15.47.193.244;29.698;35.649;19.825;7.835;39.631;177;7.332999999999999;human
586;142.185.178.37;16.907;27.123;47.718;30.368000000000002;32.73;199;3.9939999999999998;crawler
368;144.142.41.212;29.585;29.712;37.452;2.338;27.13;101;20.656;human
50;16.95.10.185;45.839;27.574;13.511;6.104;10.23;186;14.716;human
413;66.26.145.151;29.531;49.418;14.545;8.708;16.666;178;26.801;human
114;79.11.25.197;35.221;22.357;14.325;2.5989999999999998;33.830999999999996;144;21.244;human
247;200.212.247.244;50.113;29.28;31.118000000000002;9.641;0.25;118;5.026;human
578;117.97.93.75;34.198;18.863;36.436;18.748;30.057;76;5.776;crawler
334;27.242.121.187;45.903;44.198;15.728;2.9019999999999997;19.652;73;7.737;human
255;54.136.227.244;43.148999999999994;37.62;38.991;4.321000000000001;32.298;156;16.426;human
137;242.40.134.40;53.86;25.385;36.48;8.705;15.534;138;24.811999999999998;human
383;178.104.166.111;47.466;40.758;28.254;9.542;35.766;80;26.165;human
25;49.253.37.3;49.573;30.109;10.082;7.742000000000001;9.578;30;26.805;human
185;237.67.47.44;38.516;40.027;12.71;8.998;8.211;46;1.6159999999999999;human
525;215.39.118.45;38.897;34.659;40.029;28.343000000000004;39.696999999999996;121;6.47;crawler
136;146.39.229.102;42.667;28.695;32.874;1.3330000000000002;29.144000000000002;26;12.779000000000002;human
511;156.89.65.76;26.768;25.218000000000004;38.638000000000005;20.434;39.03;143;1.475;crawler
415;20.158.56.252;45.65;44.016999999999996;23.634;3.167;39.821999999999996;95;1.5290000000000001;human
549;139.18.103.122;31.33;15.755999999999998;56.299;20.067;39.114000000000004;114;3.844;crawler
88;242.158.5.202;24.295;44.731;27.334;4.836;7.694;151;16.113;human
86;18.68.78.29;48.19;24.791999999999998;26.319000000000003;3.113;10.729000000000001;131;2.16;human
490;175.205.51.85;51.403999999999996;39.904;33.978;9.312000000000001;7.801;134;20.141;human
233;70.206.186.231;49.38;49.19;25.416;4.989;37.618;66;25.97;human
159;27.15.222.0;39.352;37.352;15.55;4.955;38.243;126;28.685;human
488;193.51.93.133;53.128;47.941;10.167;2.4419999999999997;1.263;72;1.4509999999999998;human
519;122.70.17.73;22.799;32.047;45.736000000000004;23.035;31.513;22;8.948;crawler
581;161.18.90.147;20.496;19.538;58.187;29.641;30.361;96;2.674;crawler
596;241.11.36.117;32.996;27.515;58.415;36.546;31.771;138;5.744;crawler
160;164.74.15.185;37.475;34.616;13.991;8.312999999999999;34.13;132;20.346;human
420;99.91.46.107;41.961999999999996;34.007;25.194000000000003;1.1540000000000001;39.223;175;19.883;human
273;204.61.232.156;42.67100000000001;28.439;22.994;2.8489999999999998;25.795;108;24.616999999999997;human
369;68.59.131.47;39.042;42.63;35.63;8.982999999999999;1.165;186;1.757;human
574;238.119.25.118;29.967;28.761;38.577;34.306999999999995;24.346;136;2.09;crawler
127;189.121.232.16;28.555;28.555999999999997;23.871;9.267999999999999;29.939;85;12.898;human
544;245.108.74.216;26.985;32.444;51.979;31.94;21.611;34;8.755;crawler
149;105.202.27.79;30.511;20.342;24.208000000000002;7.367999999999999;13.517999999999999;63;21.39;human
522;16.98.106.147;33.157;29.901999999999997;34.16;31.502;28.295;34;6.632999999999999;crawler
373;172.135.188.158;55.754;35.115;35.282;5.712000000000001;23.375999999999998;93;28.76;human
550;180.50.8.229;17.293;23.371;54.18899999999999;16.601;26.695;91;3.47;crawler
241;111.228.138.244;22.726;26.671999999999997;28.395;7.632999999999999;6.622000000000001;162;5.365;human
138;178.180.71.79;45.388000000000005;33.375;37.412;4.776;13.662;85;17.063;human
101;171.114.12.38;32.915;39.003;14.952;3.3339999999999996;38.842;58;21.963;human
111;45.213.13.78;29.941999999999997;42.167;38.637;4.544;20.283;184;28.063000000000002;human
175;98.13.150.239;20.866999999999997;42.57899999999999;31.741999999999997;6.875;25.642;174;2.349;human
226;225.194.50.206;55.993;43.924;10.286;7.539;2.283;76;15.77;human
145;157.137.198.235;56.888000000000005;30.109;17.555;6.855;2.662;50;20.886;human
497;121.35.152.133;23.176;45.603;17.185;4.933;39.746;28;28.377;human
271;58.181.174.18;51.058;38.119;16.437;7.374;38.389;131;10.402999999999999;human
330;39.64.166.14;32.289;44.165;16.865;2.464;35.967;22;19.054000000000002;human
63;15.91.141.1;40.505;33.35;24.084;4.615;6.841;112;3.147;human
188;176.36.28.36;28.896;22.429000000000002;33.848;5.877000000000001;28.846999999999998;94;13.227;human
232;132.115.222.242;24.175;49.893;35.617;2.476;33.548;199;27.677;human
148;134.18.31.108;59.758;48.506;11.094000000000001;5.171;36.803000000000004;151;5.5920000000000005;human
397;71.236.171.227;51.402;38.828;35.095;7.521;38.582;152;9.697000000000001;human
470;127.99.79.250;55.801;31.445999999999998;16.685;6.773;8.091000000000001;90;4.402;human
347;155.233.86.158;29.682;49.881;30.666;5.015;12.129000000000001;98;27.072;human
396;15.101.253.181;44.283;23.084;14.595;1.4669999999999999;7.528;95;12.681;human
551;52.131.149.45;28.119;23.987;33.143;14.964;28.365;99;6.728;crawler
465;65.144.166.183;42.757;39.319;24.894000000000002;2.7769999999999997;28.914;194;19.102;human
595;104.97.226.220;25.135;23.734;51.599;37.765;31.225;133;1.3980000000000001;crawler
104;88.86.247.240;50.246;24.706999999999997;30.051;5.492999999999999;11.48;125;21.896;human
445;68.119.143.234;41.352;25.098000000000003;13.944;4.914;7.541;117;18.387999999999998;human
59;36.6.125.91;27.761999999999997;46.387;21.662;3.533;4.782;83;21.698;human
521;162.248.166.111;31.570999999999998;34.8;36.321;29.316;23.938000000000002;75;4.2139999999999995;crawler
243;17.228.205.149;25.389;41.806999999999995;33.714;1.334;23.49;119;4.658;human
1;171.34.22.137;33.287;39.908;29.128;2.276;18.383;135;7.202999999999999;human
509;163.108.197.95;24.535;25.881999999999998;55.223;27.485;33.666;74;4.705;crawler
238;2.231.139.235;40.478;34.232;32.39;5.782;7.095;196;6.983;human
97;215.204.125.70;49.443999999999996;21.943;31.633000000000003;6.687;30.698;91;9.684;human
461;160.235.105.219;25.284000000000002;34.638000000000005;17.85;5.199;34.216;40;3.033;human
57;158.49.43.217;39.769;44.65;19.070999999999998;3.628;31.15;80;16.205;human
98;118.140.25.218;58.76;35.563;24.65;1.541;12.324000000000002;78;9.259;human
153;122.39.9.230;41.13399999999999;49.208999999999996;14.544;1.916;1.324;188;19.079;human
265;32.52.250.134;27.204;49.583999999999996;24.768;5.852;22.763;64;4.83;human
249;67.158.35.111;57.65;36.274;24.526999999999997;8.498;34.494;144;2.736;human
487;102.224.143.218;48.608000000000004;35.650999999999996;35.343;3.179;16.89;107;12.339;human
562;15.149.202.5;27.478;17.680999999999997;56.606;17.278;20.192;123;2.5180000000000002;crawler
287;171.196.193.168;55.25899999999999;34.672;12.443;8.439;36.967;31;4.6419999999999995;human
381;205.97.132.202;42.787;47.476000000000006;20.987;2.714;10.093;68;20.719;human
237;179.209.155.208;29.0;38.858000000000004;23.33;5.216;26.005;136;7.734;human
26;51.11.179.50;50.156000000000006;47.887;28.413;9.727;32.867;163;18.628;human
416;44.233.224.63;26.991;47.956;19.418;7.406000000000001;37.135;94;28.848000000000003;human
78;189.112.46.242;37.213;39.519;21.524;5.729;12.627;158;10.805;human
533;150.47.129.159;24.436999999999998;34.896;30.678;24.125999999999998;21.396;178;4.756;crawler
425;125.162.172.112;57.518;30.276999999999997;16.32;8.618;6.655;103;1.527;human
482;115.72.255.11;54.059;30.734;10.463;3.589;37.705;41;1.9040000000000001;human
120;156.185.91.220;46.99;30.103;22.441999999999997;3.261;2.494;37;11.194;human
387;17.247.10.250;57.766999999999996;48.653;15.809000000000001;3.815;31.655;116;25.33;human
246;241.165.229.156;48.931000000000004;34.52;11.774000000000001;9.368;10.325;40;14.204;human
294;204.34.136.76;54.608000000000004;34.96;12.128;4.034;17.245;57;13.556;human
429;114.99.52.250;29.142;47.787;24.462;8.275;30.98;107;12.414000000000001;human
130;7.135.174.104;41.286;33.085;19.425;1.899;24.798000000000002;132;12.276;human
440;146.201.183.241;22.703000000000003;42.001000000000005;29.579;4.609;31.995;74;4.051;human
92;85.244.13.111;34.515;34.527;38.547;3.279;17.521;108;22.186;human
109;105.196.30.37;31.923000000000002;23.838;20.430999999999997;8.432;16.694000000000003;186;17.488;human
517;209.116.196.96;22.405;16.368;54.845;29.914;27.858;69;1.949;crawler
430;227.70.19.109;35.714;30.521;22.546;2.862;23.625999999999998;197;2.004;human
60;26.165.154.60;59.313;48.526;25.725;8.241;5.072;25;6.428;human
171;114.116.105.0;45.766000000000005;49.369;33.013000000000005;4.34;36.541;24;1.705;human
363;132.162.208.155;39.69;29.305999999999997;31.218000000000004;9.251;37.711;38;8.677;human
483;241.61.57.231;35.485;47.105;29.009;6.087000000000001;18.188;120;3.708;human
538;251.128.251.123;16.684;25.559;52.273999999999994;29.301;22.658;185;8.155;crawler
177;228.116.204.151;46.766999999999996;27.116999999999997;10.585999999999999;5.921;9.06;27;27.148000000000003;human
589;176.200.182.63;18.214000000000002;16.752;46.922;22.381999999999998;34.483000000000004;111;3.491;crawler
592;157.33.215.28;30.340999999999998;33.183;37.255;25.268;27.245;139;8.387;crawler
570;240.162.106.180;18.973;32.929;51.446999999999996;29.557;25.113000000000003;70;7.778;crawler
31;211.57.124.64;50.522;31.375999999999998;31.439;1.624;38.779;153;9.877;human
569;187.60.48.17;34.885;28.095;34.586;38.4;32.009;89;4.918;crawler
266;158.243.78.248;21.199;40.909;27.568;5.287000000000001;34.896;162;12.344000000000001;human
